Rank,Last,Roller coaster,Score,Riders,
1,1,"Steel Vengeance,?Cedar Point",4.93785,177,
2,2,"Fury 325,?Carowinds",4.85632,174,
3,3,"El Toro,?Six Flags Great Adventure",4.83099,355,
4,4,"Lightning Rod,?Dollywood",4.80723,83,
5,5,"Twisted Timbers,?Kings Dominion",4.77966,59,
6,6,"Millennium Force,?Cedar Point",4.77173,771,
7,7,"Twisted Colossus,?Six Flags Magic Mountain",4.76087,92,
8,8,"Boulder Dash,?Lake Compounce",4.73288,146,
9,9,"Wicked Cyclone,?Six Flags New England",4.7037,81,
10,10,"Voyage, The,?Holiday World",4.69832,358,
11,11,"Maverick,?Cedar Point",4.6963,675,
12,13,"Iron Rattler,?Six Flags Fiesta Texas",4.68571,70,
12,12,"Superman The Ride,?Six Flags New England",4.68571,245,
14,14,"Goliath,?Six Flags Great America",4.66917,133,
15,16,"Leviathan,?Canada's Wonderland",4.66316,95,
16,15,"Ravine Flyer II,?Waldameer Park",4.65306,196,
17,17,"Outlaw Run,?Silver Dollar City",4.63218,87,
18,18,"Mako,?SeaWorld Orlando",4.61667,60,
19,20,"Phoenix,?Knoebels",4.56299,254,
20,21,"Banshee,?Kings Island",4.54397,307,
21,22,"Storm Chaser,?Kentucky Kingdom",4.54321,81,
22,23,"Mystic Timbers,?Kings Island",4.51948,154,
23,24,"Behemoth,?Canada's Wonderland",4.51163,129,
24,25,"Diamondback,?Kings Island",4.50813,492,
25,26,"Texas Giant (New),?Six Flags Over Texas",4.49451,91,
26,27,"Nitro,?Six Flags Great Adventure",4.4695,377,
27,28,"Gold Striker,?California's Great America",4.46512,43,
28,29,"Intimidator,?Carowinds",4.46222,225,
29,30,"Top Thrill Dragster,?Cedar Point",4.43777,699,
31,32,"X2,?Six Flags Magic Mountain",4.42231,251,
32,33,"Intimidator 305,?Kings Dominion",4.39308,318,
33,35,"Manta,?SeaWorld Orlando",4.38889,198,
34,36,"Montu,?Busch Gardens Tampa",4.3881,353,
35,34,"Thunderhead,?Dollywood",4.38686,274,
36,37,"Phantom's Revenge,?Kennywood",4.37838,333,
37,38,"Thunderbird,?Holiday World",4.36434,129,
38,39,"Apollo's Chariot,?Busch Gardens Williamsburg",4.3591,401,
39,40,"Tatsu,?Six Flags Magic Mountain",4.34434,212,
40,41,"Shivering Timbers,?Michigan's Adventure",4.32547,212,
41,42,"Griffon,?Busch Gardens Williamsburg",4.31104,299,
42,43,"Storm Runner,?Hersheypark",4.30056,356,
43,44,"Beast, The,?Kings Island",4.28594,626,
45,46,"Skyrush,?Hersheypark",4.24891,229,
46,47,"Lightning Run,?Kentucky Kingdom",4.21053,95,
47,49,"Prowler,?Worlds of Fun",4.2069,87,
47,48,"SheiKra,?Busch Gardens Tampa",4.2069,290,
49,50,"White Lightning,?Fun Spot America",4.2029,69,
50,51,"Superman: Ride of Steel,?Six Flags America",4.19718,213,
51,52,"Renegade,?Valleyfair!",4.12821,78,
52,54,"Wooden Warrior,?Quassy",4.125,40,
53,56,"Ride of Steel,?Darien Lake",4.12397,121,
54,53,"Volcano: The Blast Coaster,?Kings Dominion",4.12228,368,
55,57,"Raptor,?Cedar Point",4.12076,737,
56,55,"Afterburn,?Carowinds",4.12016,258,
57,58,"GateKeeper,?Cedar Point",4.11187,438,
58,59,"Lightning Racer,?Hersheypark",4.11024,381,
59,60,"Talon,?Dorney Park",4.10753,279,
60,61,"Xcelerator,?Knott's Berry Farm",4.10526,190,
61,62,"Superman Krypton Coaster,?Six Flags Fiesta Texas",4.08911,101,
62,63,"Full Throttle,?Six Flags Magic Mountain",4.08824,102,
63,64,"Alpengeist,?Busch Gardens Williamsburg",4.0875,400,
64,65,"Raging Bull,?Six Flags Great America",4.07302,315,
65,66,"Magnum XL-200,?Cedar Point",4.06499,754,
66,67,"Incredible Hulk, The,?Islands of Adventure",4.04866,411,
67,68,"Comet, The,?Great Escape, The",4.04211,95,
68,69,"Raven,?Holiday World",4.04032,372,
69,70,"Medusa,?Six Flags Discovery Kingdom",4.03614,83,
70,71,"Kumba,?Busch Gardens Tampa",4.03478,345,
71,72,"Valravn,?Cedar Point",4.00382,262,
72,74,"Cheetah Hunt,?Busch Gardens Tampa",4,182,
72,73,"Screechin' Eagle,?LeSourdsville Lake",4,42,
74,75,"Expedition Everest,?Disney's Animal Kingdom",3.98942,378,
75,76,"Dominator,?Kings Dominion",3.97513,563,
76,77,"Verbolten,?Busch Gardens Williamsburg",3.97326,187,
77,78,"Kingda Ka,?Six Flags Great Adventure",3.96875,320,
78,79,"Revenge of the Mummy,?Universal Studios Florida",3.96835,316,
79,81,"Cornball Express,?Indiana Beach",3.95364,151,
80,82,"Titan,?Six Flags Over Texas",3.94444,126,
81,83,"Kraken,?SeaWorld Orlando",3.94253,261,
82,84,"Kentucky Rumbler,?Beech Bend Raceway Park",3.94118,85,
83,85,"Legend, Holiday World",3.93923,362,
84,87,"Wild Eagle,?Dollywood",3.93583,187,
85,86,"Twister,?Knoebels",3.9322,236,
86,88,"X-Flight,?Six Flags Great America",3.93182,176,
87,80,"Giant Dipper,?Santa Cruz Beach Boardwalk",3.93056,72,
88,89,"Hades,?Mount Olympus Theme Park",3.92632,95,
89,90,"Goliath,?Six Flags Magic Mountain",3.89189,259,
90,91,"Dragon Challenge (Chinese Fireball),?Islands of Adventure",3.88471,399,
91,92,"American Thunder,?Six Flags St. Louis",3.87903,124,
92,93,"Fahrenheit,?Hersheypark",3.87296,307,
93,94,"Dragon Challenge (Hungarian Horntail),?Islands of Adventure",3.85897,390,
94,95,"Steel Force,?Dorney Park",3.82578,287,
95,96,"Thunderbolt,?Kennywood",3.81739,345,
96,97,"Wildfire,?Silver Dollar City",3.81667,120,
97,98,"Zippin Pippin,?Bay Beach",3.81579,38,
98,99,"Powder Keg,?Silver Dollar City",3.81416,113,
99,100,"Big Bad Wolf, The,?Busch Gardens Williamsburg",3.80449,312,
100,,"Space Mountain,?Disneyland",3.79237,236,
